{"Train_TotalLoss": [9130.131056194728, 7097.609885174556, 5617.590850759599, 4444.641307089273, 3533.45178105076, 2830.6509760096665, 2292.7552772358235, 1896.5459832534357, 1585.639237711089, 1352.212856038526, 1168.7868689611878, 1034.807320259527, 966.8975824714815, 882.1260513531714, 816.8797612303863, 767.3774627460357, 757.3992259959695, 720.4683586124473, 738.2432980249212, 720.9626156040858, 688.7883807648432, 681.8840636124055, 680.9164221742177, 658.4560919418769, 659.9539314596202, 660.8763173853841, 646.373947474464, 654.5032277775235, 647.03304334993, 647.2706657241635], "Train_ReconLoss": [325.377709449704, 234.88848959293688, 211.61850010567784, 175.22757378735423, 156.1527652795272, 152.8637808182673, 149.24520090756695, 147.52324804279064, 146.51727255814404, 151.64404501007394, 145.57343125836195, 154.438814237018, 158.90346128418298, 155.49777644212256, 146.95940322459117, 146.56362902490292, 149.7458351292973, 144.0024291196286, 160.34346463236682, 151.39280433807346, 145.2091496741074, 144.9167878832044, 143.3290316392044, 142.9333579921255, 141.91605136836742, 141.38948949614974, 141.58222748182635, 141.2712910766636, 140.820860256405, 140.69675158525007], "Train_RegLoss": [8728.091730947543, 6775.533074130517, 5326.195358899508, 4198.48117531797, 3314.192307189828, 2619.9000042191374, 2089.5060642259405, 1697.4051287518967, 1389.970066280061, 1152.1645198322005, 976.7578455187371, 834.902440217383, 761.9229008086882, 681.3487661560777, 625.8723413625019, 577.02648202422, 564.8777563116258, 533.8116186173447, 535.1862156952374, 526.5256494047111, 500.39463995673157, 493.5496450533889, 494.951553336991, 473.71742419834464, 476.3685530400012, 478.3359159831563, 463.4449486062875, 471.64309980145026, 465.5635383282353, 465.8830825684474], "Train_TripletLoss": [49.07053791717201, 44.49068372949159, 42.90686582875696, 39.93361731310976, 36.323035722409266, 34.176735759969965, 32.58166265930853, 31.915791843465662, 30.770946478404536, 31.0273518284858, 30.06716111526485, 30.272800414829344, 31.6152760966532, 31.61148029033657, 30.443512915759154, 31.44436002114736, 30.559137533236537, 30.918812752468366, 31.170611251799254, 31.3006759163951, 31.491074638085212, 32.200443474962924, 31.747516373476564, 31.14269814625301, 31.290870474834332, 30.80514593215175, 31.199252450109597, 31.39936985472911, 30.425007376356312, 30.593585803959595], "Train_KLLoss": [27.591100635995264, 42.69766067060519, 36.87013118152772, 30.99890075178205, 26.78366141726734, 23.710468082409715, 21.422331509439466, 19.701797438830866, 18.380944176538893, 17.37694825010354, 16.38841845489237, 15.193275255102147, 14.455940242606822, 13.668025790929915, 13.604502048222763, 12.34299029776434, 12.216498443377036, 11.735498611687849, 11.543012623960708, 11.74348567663324, 11.69352004105411, 11.217190371132874, 10.888320338280847, 10.662616549347755, 10.378457060855643, 10.345764877090708, 10.14751411393509, 10.189465884349048, 10.22363789126026, 10.097245848804018], "Val_TotalLoss": [7386.4278357852545, 5768.700126489089, 4608.085765441471, 3601.9417113931945, 2915.7467892835693, 2366.735089173243, 1942.8538244179208, 1623.2019901957922, 1408.692445965801, 1207.5315394363363, 1049.733152667533, 1059.7749398512058, 945.2775922246751, 863.079268048679, 817.0381130171662, 816.7811294938559, 832.2746709445805, 727.7423194767126, 823.7310466124804, 765.2328675978335, 795.8466145789885, 697.2822445178502, 750.6985090085675, 723.8187924541386, 712.0950041372255, 702.3643721597308, 699.1812964101813, 752.8443926125367, 718.791291440036, 744.9679493738633], "Val_ReconLoss": [292.0644216216699, 232.87347013735223, 232.92750937099834, 196.4493996721503, 189.39768436918652, 179.65746275193538, 172.87741532862918, 170.70858910474558, 185.83422245447227, 171.54655359597112, 173.12082527515025, 201.30932068913873, 184.14856147664278, 182.57769838934968, 172.2175334191106, 168.12577598233688, 169.5678434193739, 168.34478382572922, 187.51655419752424, 172.0832347472721, 168.33041662082783, 169.6548966684255, 167.6648511097384, 169.56698340371656, 167.35354049690764, 167.44049906488797, 165.46217868395559, 165.58335531858984, 165.2218239250122, 168.38674256283525], "Val_RegLoss": [7002.878080108366, 5446.619427389215, 4290.9590809624015, 3336.7986485063234, 2664.285368716214, 2130.8053984797325, 1715.342048054383, 1401.6267621661023, 1173.1649889439361, 989.1366849900311, 833.3510078393516, 808.5837099286114, 714.4307638434121, 636.545258057162, 600.6409805387466, 606.8365314115003, 617.6317569632869, 516.7147914969978, 591.7658856947411, 549.0288759833405, 584.4404365796172, 483.0655275783753, 539.2956677715345, 510.43572188263835, 502.2049622787744, 492.32555459873345, 489.92797994944607, 541.0741116859285, 512.0336898746684, 529.919523663783], "Val_TripletLoss": [46.57708251839071, 46.120493327241114, 44.69285499992309, 38.21261720102354, 35.42025808160215, 33.00747707853709, 33.128597273778226, 31.093600694215432, 31.249490640154512, 29.879003306855765, 28.179924530583275, 32.92597543397691, 31.762679557779926, 29.670868032957486, 30.356077017022912, 29.24499010492377, 32.222953356464345, 30.684560445815055, 32.087241140712855, 31.466180324809027, 30.712630280567502, 32.65980496790978, 32.0715508519553, 32.7450669895056, 31.757995933373856, 31.962508462803033, 33.00911590242157, 35.649548201146004, 30.592445593496343, 36.08213860022468], "Val_KLLoss": [44.90821970762954, 43.086737399042704, 39.50625606685543, 30.48104328862245, 26.64348847307245, 23.264774118842, 21.505764427123957, 19.773049760361246, 18.44372644032378, 16.969288920694282, 15.081405199216892, 16.955938370801903, 14.935588964980616, 14.285445688882106, 13.823534178848389, 12.57383059029648, 12.852109832682205, 11.99817111742923, 12.361357248981433, 12.654568433379719, 12.363131343395521, 11.902014214026375, 11.666437493246377, 11.071028672751423, 10.778498370063158, 10.635799023026905, 10.782011675694633, 10.537370411902904, 10.943331715898978, 10.579537623334682], "Test_score": [140281.09375, 56569.98828125, 25210.80859375, 12153.6376953125, 6225.07421875, 3390.988525390625, 1983.6795654296875, 1263.6058349609375, 876.803466796875, 583.413330078125, 434.0766296386719, 487.2255554199219, 392.11993408203125, 410.533203125, 468.7996520996094, 405.98809814453125, 552.5004272460938, 441.4468078613281, 525.0538330078125, 561.9960327148438, 564.8889770507812, 594.6044921875, 599.9407348632812, 198.1931915283203, 688.50634765625, 613.6931762695312, 708.26220703125, 792.0558471679688, 254.14218139648438, 332.846435546875], "Test_RMSE": [72.72723347055937, 63.00961181947263, 54.76822613295048, 47.55901453227611, 41.28348250492411, 35.90048535372207, 31.37914039071428, 27.70769843805824, 24.67468392615129, 21.566917431339935, 19.049902183301608, 18.70201787006176, 16.712831166081273, 15.990419857579715, 15.026024177668909, 14.252978097350557, 14.636847498266148, 13.40619422883213, 14.05024151034506, 13.618487280193099, 13.4549498344969, 13.366113865964545, 12.913812596833393, 11.25396489105253, 13.14197017211966, 13.180824361904493, 13.268664763253662, 14.583387334814452, 12.109854451193936, 13.171786958483937]}