{"Train_TotalLoss": [8380.98973330952, 5593.474917668471, 3808.04565529181, 2616.0396271731556, 1796.2385263242281, 1258.7221388226144, 907.632499354519, 681.6319076239095, 532.9705430427296, 444.02541390204294], "Train_ReconLoss": [104.20271085884904, 70.40263679362565, 65.00817197468429, 61.14712316738476, 47.318443408651525, 39.496396843914425, 39.761739757028664, 39.25006670822206, 39.38883540355227, 39.39478437463848], "Train_RegLoss": [8241.229445139354, 5464.281529535769, 3694.031615018379, 2514.9750890561977, 1715.081236303974, 1190.0933020613086, 842.8228220899441, 620.4713498291602, 474.084284974763, 386.7851793566774], "Train_TripletLoss": [0.9965778152021486, 0.7226414321049609, 0.6659340216344454, 0.6319732900684166, 0.5928505555885838, 0.5744654166034961, 0.5828194481067532, 0.5958760750291735, 0.6106902570778525, 0.6191842640151013], "Train_KLLoss": [34.56099376072672, 58.068099132276544, 48.33993110982562, 39.285444322572324, 33.24600452105151, 28.557969873543662, 24.465122441820103, 21.314618603279328, 18.886730138297086, 17.226265219543233], "Val_TotalLoss": [6233.2544936327295, 4167.569647952316, 2843.754987333592, 1957.2806971995574, 1365.4112363658041, 986.7509419156936, 746.7261362216941, 654.3317605274676, 534.9931806439325, 483.7323559041255], "Val_ReconLoss": [101.36324726451527, 63.9427143645337, 65.69719434742191, 57.006463891608014, 41.172405944566144, 37.52511770679885, 36.355693768749276, 37.27222463998935, 38.22345422740719, 36.69039773840229], "Val_RegLoss": [6071.241113384481, 4046.532928531316, 2735.701093161585, 1866.8129733127973, 1297.6840342225282, 924.5898143937674, 686.1308026626297, 596.0992242599391, 477.52236632010397, 430.3930083389766], "Val_TripletLoss": [0.9268062756127081, 0.7080380221627983, 0.6308713991974675, 0.6267302875538961, 0.6187661373338034, 0.5650568664010938, 0.6200007358073684, 0.6065048075125535, 0.5861306547110479, 0.6012277199589425], "Val_KLLoss": [59.72338625240528, 56.385976726862644, 41.72580980296871, 32.834522523537245, 25.936026607456974, 24.070946866815742, 23.619643981562607, 20.353813649231988, 18.661230750618223, 16.047724616956007]}