{"Train_TotalLoss": [5846.777193814701, 1702.7136333096948, 669.2453791883958, 413.38165945073223, 338.40324326979817, 302.9383230405803, 292.5136384901699, 283.5424054959894, 274.4193227164531, 275.5712970879944], "Train_ReconLoss": [72.47830835871711, 65.98588826887533, 53.43970451233595, 47.41277886491149, 43.57347554718105, 39.20799625948074, 38.4150232977253, 37.92872208643351, 37.50021177479379, 37.292794867269436], "Train_RegLoss": [5726.923931652727, 1602.4210498856453, 593.5001387882824, 349.43548962706956, 281.2434662534771, 251.77329463316676, 242.95657648646517, 234.94318772831707, 226.58513087456478, 228.13539424954376], "Train_TripletLoss": [0.7928745788738089, 0.5970626847864974, 0.6025377777958012, 0.6366382842386533, 0.6466478801785831, 0.6602529411918053, 0.6711888344438406, 0.675596878519012, 0.6751995540617539, 0.6774676699790897], "Train_KLLoss": [46.5820748669282, 33.70962867807092, 21.702997111491552, 15.896752606482787, 12.939653142974757, 11.296778880617483, 10.470849508497308, 9.994899756144568, 9.658780891438902, 9.465640922543832], "Val_TotalLoss": [2608.296905065944, 946.4510783544303, 557.2734106922754, 415.4686677138347, 397.36308063563536, 371.22948105793927, 404.56641096796596, 345.76762229645226, 356.8988326961848, 367.1757862179778], "Val_ReconLoss": [65.4317412870379, 64.95688152313232, 48.067655361732015, 46.30404215887283, 41.07806217746049, 37.193858371476544, 36.817357784093815, 35.83162073050695, 36.167271550563626, 35.97774464383438], "Val_RegLoss": [2498.414746403442, 853.2580821579656, 488.522792662929, 353.8871727957534, 344.0714375211623, 323.4321131474372, 357.5575985253235, 300.1562970102967, 310.9263794719543, 322.0041173850255], "Val_TripletLoss": [0.6378657157841999, 0.6368798569915914, 0.6101601261165127, 0.6142133481123231, 0.6832595673600412, 0.7096875031138071, 0.7174438581059649, 0.7331627995941402, 0.7110512290961143, 0.7366178462293637], "Val_KLLoss": [43.81254834302132, 27.599237229304887, 20.07280130013351, 14.663239928179008, 11.530318731989468, 9.893818663492263, 9.474009236876103, 9.046542144224961, 9.094130282422201, 8.457303324411082]}