{"Train_TotalLoss": [9162.858567958021, 7010.861381524373, 5442.38144088027, 4287.354936637105, 3384.549819856847, 2721.3593827277805, 2196.5639442158913, 1823.7280165493898, 1541.416934290477, 1307.0894984122478, 1146.2211193825167, 1012.7878975064046, 912.3239818976125, 852.1191513784726, 817.0681125971165, 770.9242632828691, 741.9333719851843, 730.6041028647742, 716.2811829645697, 716.4943556433406, 708.2421611171934, 697.898861250193, 696.2790072672212, 667.5479607838439, 688.0673053098112, 674.2906532677309, 674.5186320981913, 659.519016790382, 659.9545811448859, 663.3816758313784, 655.0010382007503, 651.8820407645743, 637.9783003919988, 646.4722169215826, 651.9486936697946], "Train_ReconLoss": [233.17538384428138, 157.78168832666807, 151.77233161217123, 149.09107449106227, 145.11736590849097, 142.94270046159383, 141.34505687656764, 140.8828695409363, 141.7444743365823, 139.95430282723103, 139.7490424349607, 138.5165336914267, 136.772172873233, 136.75507181091257, 136.41352309247912, 135.02578192183648, 134.79437247426281, 133.8635714046521, 133.94930376325334, 134.0459318018862, 135.70492848997, 133.24893647824635, 134.44073032857665, 134.2689760432054, 134.04940469563257, 132.9385579009688, 133.12604462779, 132.26257370472993, 131.59888947243627, 132.6122954494289, 131.33095322971346, 131.68610104171302, 132.95668461917333, 132.97053424846067, 131.3657213197324], "Train_RegLoss": [8861.706097128961, 6768.511049499665, 5225.396560916827, 4088.17334074328, 3198.3320675991904, 2539.7880414925394, 2019.7065450335804, 1648.6728502745366, 1361.9373941825595, 1131.1238310811827, 971.6794201964769, 836.0400953649017, 741.844572364655, 683.7521924204292, 643.795077258589, 603.4887098147229, 575.2466941760665, 564.4658990060439, 549.6450324415501, 549.9621436777595, 540.4892935279306, 532.8106145135243, 529.9472999706917, 501.5766669078361, 523.1603061444115, 509.5718941191017, 510.1401919989585, 496.345143085787, 496.8616357795998, 499.5400446590078, 494.1205050893773, 491.45981313858454, 476.24077862132793, 484.1327679425982, 491.92708873732806], "Train_TripletLoss": [46.210609797636, 38.52976436611796, 25.84307002254595, 15.510107941292894, 10.63756457079477, 11.36495507983302, 11.343958544343824, 11.985418162380226, 17.172965798979327, 17.33000288934409, 17.467742647443497, 21.450203966323784, 17.914448585887186, 16.663877025758215, 22.593567730813067, 18.663222842071946, 18.42952792957148, 19.667994884605324, 20.18716116691031, 20.721972868482865, 20.613036058272893, 20.228351175834977, 20.608098166648954, 20.82144578564129, 19.77045260767824, 21.111115688974984, 20.72950616151998, 20.154750758170923, 20.61104172882453, 20.752588615487756, 19.12930742825042, 18.390611823290723, 18.163621910451706, 19.018377336978993, 18.543556584562815], "Train_KLLoss": [21.766535183870886, 46.03885270378893, 39.3695062788422, 34.5803846430487, 30.46282610352605, 27.263691637188998, 24.16837169185313, 22.18687657394754, 20.56209439788905, 18.681360267750325, 17.324914233006936, 16.78106774965975, 15.792788209277887, 14.948010378997143, 14.265946022810558, 13.746548623420589, 13.462778177837933, 12.606639315826053, 12.499685448630734, 11.764305581121743, 11.43490139113621, 11.610956200801075, 11.282879673681991, 10.88087214203341, 11.087144507013798, 10.669087165764799, 10.522887055507718, 10.756545645969833, 10.883017578789426, 10.476752111888215, 10.420268550867053, 10.345514268895885, 10.617211679820539, 10.350536089769221, 10.112325576337572], "Val_TotalLoss": [7415.8481241431855, 5660.702526519969, 4542.610844618171, 3580.118253228024, 2854.6522161955563, 2336.5904768768373, 2096.251289287027, 1666.946686887842, 1500.5983225397026, 1237.861157665293, 1127.8880292961007, 1012.2518238285379, 992.8755912538815, 945.4005463420715, 870.7459476462882, 991.6919335008423, 824.1910451683383, 868.7241036090488, 772.1720761385831, 921.7232930866911, 841.7816400185196, 1036.1395141085409, 831.3230433716078, 872.3625129231943, 876.0529251582527, 726.4905188078608, 767.903711492365, 863.9253177118604, 917.211942192868, 798.5014716827844, 716.4350908210868, 802.8553928754294, 790.6617502289141, 727.0341745904838, 726.5947240139919], "Val_ReconLoss": [214.36294208066911, 196.41000279916517, 225.5398545940633, 207.3334222192744, 177.1190238613911, 191.13720508760932, 220.36723124401263, 180.03427404681926, 190.6766876720727, 169.50868637214, 172.11440931162926, 168.28733590995031, 171.66549243886678, 168.4895537781665, 164.10000487765097, 170.60035499911478, 170.69484622785959, 169.6585103492656, 162.19870458848885, 164.4094230942192, 164.2534856655129, 165.8272335867045, 164.09582857450522, 164.2967440663634, 165.60902132998058, 162.5032081039461, 160.70028540548765, 171.06077668429933, 167.73644563057962, 163.20328566085462, 173.70487813163257, 168.55691061362657, 167.47385436334267, 164.79329432997594, 160.91316919145322], "Val_RegLoss": [7105.894776422932, 5371.034863332865, 4230.907137784091, 3292.6608744776527, 2605.5597272876958, 2079.680041903925, 1808.9170272214217, 1426.0182935783273, 1254.6866990264828, 1017.034271982205, 907.4476156416201, 798.1336454105176, 777.8632839275465, 733.6074956204372, 665.1556927961225, 776.8889648243943, 614.2619338085989, 655.8279226678119, 571.3996795428479, 718.3546888258694, 638.4226770380839, 828.6352398088064, 628.0649916667011, 670.1762289002884, 671.7843729547416, 525.8019504990689, 570.4270276317636, 654.3273474146902, 707.7277090060535, 597.7890724843451, 506.19226298422944, 595.5139734054469, 584.3685342574977, 524.3200322447569, 527.6946965755923], "Val_TripletLoss": [48.941142255609684, 44.53133221761369, 40.53694936236166, 37.98610137330553, 36.6622531943291, 34.1125923019635, 34.56742295855952, 34.58601528998409, 30.986427888809754, 30.157851809931103, 29.322145205975588, 27.849474972448693, 25.795020525349624, 26.549770920775657, 26.89664734947253, 28.215078914392322, 25.499340919309137, 28.2711225352378, 26.03184171257261, 25.534943510059573, 26.73024280882789, 29.151549944161864, 27.615927255682916, 26.00422636197435, 26.78726368575469, 26.975262843529215, 25.9583680735582, 26.46928345779032, 29.348487431604816, 26.731693025875295, 25.86751425140252, 26.80018832063574, 28.053228981147104, 27.792028078317138, 27.150613944071797], "Val_KLLoss": [46.64928027388913, 48.72635934519213, 45.62684057933332, 42.137849823869054, 35.31122328917522, 31.660635320127135, 32.39957886165595, 26.30812108239462, 24.24850336441782, 21.160314360330272, 19.003852782743426, 17.981367247805284, 17.55181134377171, 16.753725224771156, 14.593600675369165, 15.98753169172662, 13.734919753185538, 14.966552601304166, 12.541854875032293, 13.424239331017588, 12.375244354344826, 12.525492138892853, 11.546287748324694, 11.885316025127064, 11.872269811388302, 11.210111144733228, 10.818032127102132, 12.067904965822088, 12.399291300118348, 10.77741113979267, 10.67043525572811, 11.984324593876684, 10.766129524460807, 10.12882400466322, 10.836246454186469], "Test_score": [142365.453125, 53205.0859375, 23043.091796875, 10970.765625, 5559.99853515625, 3156.803955078125, 2428.451904296875, 1333.2587890625, 1013.18505859375, 752.7874145507812, 577.6412353515625, 441.9456481933594, 528.086669921875, 716.4702758789062, 279.4211120605469, 1202.1207275390625, 366.4544982910156, 604.703857421875, 324.4673156738281, 868.281982421875, 429.9010925292969, 1713.9681396484375, 410.0526428222656, 666.150634765625, 806.8319702148438, 245.58523559570312, 412.2161865234375, 1090.5948486328125, 852.65576171875, 368.2423400878906, 222.62554931640625, 484.6207275390625, 501.1372375488281, 245.14431762695312, 235.05673217773438],