{"Train_TotalLoss": [5995.862550136532, 1900.686054271263, 853.2276124866379, 604.1288272140214, 543.2647584152669, 517.4483330349211, 504.6898105041882, 491.4081380981793, 484.0473221993051, 478.9491205478988, 470.50374324084964, 460.75073816148983, 458.2719265451145, 456.1792649048853, 454.6510857266011, 453.2940207554695, 449.7036256600097, 445.8503476540421, 443.4186787756219, 458.54006672304814, 438.28946173799994, 438.47102733401874, 434.84030278119144, 432.39495195405726, 429.3678530091078, 430.4955917509172, 433.45988061866893, 424.60780303551314, 421.66761102837705, 415.911619739344], "Train_ReconLoss": [78.17209110250427, 39.98138576974583, 38.25750891820128, 38.013776645650815, 38.72811415223016, 38.07268853507795, 37.55308189321814, 37.723028664372514, 37.536656576631614, 42.08768792855961, 37.371884407499614, 37.146054956106816, 37.14321284117641, 36.79786200580076, 37.340121250539106, 36.541182063289114, 36.368850847281635, 36.91659279489333, 36.559755652419206, 42.93665395879482, 36.48337335287876, 36.107555394515266, 36.301628772107584, 35.86106611324343, 36.10245051181929, 35.897430909616304, 35.92917703364367, 35.8685520059039, 36.17328232589668, 36.19264252496073], "Train_RegLoss": [5653.354454080138, 1626.9901154837085, 594.5797908324888, 349.5092009220305, 288.54131556970754, 266.3652547656781, 256.650963031473, 247.67306898043915, 243.15400695034137, 235.86517783110514, 234.17894858208717, 226.63828634716643, 226.25291162151285, 226.07578050022127, 223.26439330957578, 224.5768858999528, 224.47296136189416, 221.69644720728843, 218.0861550239917, 227.06494142669388, 216.5348289718462, 217.81051657463794, 213.1369296003478, 214.1277765399586, 211.28030381708203, 213.99503921204686, 215.11288638570923, 212.93499011191625, 210.2009160826502, 206.11672250558894], "Train_TripletLoss": [208.32630234774064, 183.7270356783454, 185.12332272916916, 189.2275520750195, 193.74680232410753, 191.4436287407978, 189.26321308146848, 184.20633082788328, 181.69086381039853, 179.7413981138532, 177.02165058617055, 175.16957572204865, 173.3820383323934, 171.74503441284978, 172.71695454574635, 170.83345637643302, 167.7478346395804, 166.44378424832777, 168.10973225396955, 166.9184083173551, 163.47190432978962, 163.32013452083018, 164.47569274646796, 161.3706230594173, 161.46804751816396, 160.1209273867782, 161.83209168461775, 155.25046277752955, 155.1464564103494, 153.57491784837651], "Train_KLLoss": [56.00969854132023, 49.987520770838145, 35.26698853194544, 27.37829837597828, 22.24852757365275, 21.566761515644043, 21.22255460111126, 21.805710205259565, 21.665796397459445, 21.254857046842535, 21.931259559678622, 21.79682086528675, 21.493764572577987, 21.56058777901939, 21.32961560844916, 21.34249711376082, 21.11397824713062, 20.79352403920892, 20.663035786465333, 21.62006115853497, 21.799355133636734, 21.23282058329623, 20.92605149536312, 21.03548598429243, 20.51705124445685, 20.482194251100577, 20.585725776795027, 20.55379808010957, 20.14695584564388, 20.027336193436735], "Val_TotalLoss": [2836.4175923450302, 1163.9316479156687, 696.2161670063817, 645.4690730798573, 642.2544876485748, 543.3589241398818, 574.1044808966412, 545.0912232509879, 601.4654817480365, 523.5630298961293, 514.2400227036587, 555.7869767557995, 574.7254398499181, 574.2854702165213, 549.6984641335227, 493.9084523949008, 557.3158489816033, 517.9106128684562, 531.8325328705931, 530.6775956264762, 550.9426096458516, 521.9223791529714, 529.7329853372393, 520.528353717312, 551.792625991789, 515.4417260877677, 509.62160285481946, 524.1158974871323, 520.6005863730046, 535.8344067982841], "Val_ReconLoss": [45.90656605734634, 34.19630611875345, 35.855635742808495, 34.73257619079525, 35.33826712372439, 35.322019332055056, 37.15903086087668, 40.723407980251515, 34.582354352035686, 36.40720638513061, 34.65892444654953, 35.69412075288704, 34.52493077050304, 34.03634258859001, 33.66672899758337, 34.09127495001537, 33.87431362769065, 34.948096446708696, 34.486884265318984, 36.18680263724942, 35.31242105572723, 35.859779535337935, 34.22520730964225, 33.96048778207307, 33.53243778119884, 33.23894639347875, 33.47718214232624, 33.93909146871426, 33.74079987362626, 34.2713825556491], "Val_RegLoss": [2531.1306945284628, 888.7458038491376, 436.2825845230457, 383.9980722471725, 380.0295571252609, 291.7914161036937, 314.7391612192037, 283.0247903747236, 345.9523343898781, 275.7695327057143, 268.78457431107694, 295.5503292245038, 326.45372671808803, 318.41369473253695, 295.65621223611004, 253.39547277857838, 310.61104418409803, 272.85839285658983, 294.457339841266, 288.33329316072684, 296.6653394477312, 270.78309789016436, 288.2158753473713, 278.456018806764, 300.653041690399, 271.8693611757952, 267.4263165415467, 293.325384394059, 274.52508142080165, 298.1435155767719], "Val_TripletLoss": [195.60872744505804, 201.4876788826876, 197.17048165158036, 200.62590842216767, 203.35944329356542, 194.34954045237245, 199.7217131648961, 205.19797361023078, 200.26148060159503, 191.69742423737023, 189.42751403389218, 201.6787154699733, 191.65941752943883, 200.94771375918236, 197.91422966116326, 187.10319848897342, 192.68690821383518, 190.91759535323743, 182.64885585051007, 186.19467375999272, 198.4167831130562, 196.02701683125082, 186.9002299480156, 187.60117893339967, 197.2828414707305, 190.49816605807862, 189.21626860798034, 177.61237229151655, 193.88560551165526, 183.7183038901073], "Val_KLLoss": [63.7716244743944, 39.50185877172942, 26.907468769565444, 26.112515866882454, 23.527220239598957, 21.895949616744705, 22.484574158146316, 16.145050148631253, 20.669313403063043, 19.688865458486447, 21.36901288859184, 22.86381004073403, 22.087363990114305, 20.887717062020656, 22.46129230162558, 19.318508400725513, 20.143586780757783, 19.186530335508994, 20.239453915561732, 19.962823536128877, 20.54806601875176, 19.25248146057129, 20.391673770565816, 20.51066876213848, 20.324302217168988, 19.835253008324297, 19.501836157248338, 19.23905029710201, 18.44909518364872, 19.7012020730065]}