{"Train_TotalLoss": [9107.459893390973, 7094.705995318519, 5608.066868036002, 4395.7286821198295, 3509.292115218674, 2823.8180992472735, 2265.653598165057, 1881.8302852417871, 1548.6451238358445, 1333.6103667931789, 1145.254282171773, 999.3796842208042, 911.4370153373139, 843.6279276226697, 781.6298584025262, 745.091647650125, 725.4007324259637, 694.7780132354394, 690.6608662347342, 669.2767491913226, 664.1286940324687, 652.5026315955176, 650.0930127942609, 657.6549747424236, 651.9473036812531, 652.7884521382156, 652.9360086098925, 631.6330445378575, 633.2377286421316, 638.1629693870308], "Train_ReconLoss": [264.69685910387346, 204.1274521316122, 192.14124740577586, 155.29940024142567, 147.2957660941458, 145.17502190611148, 141.2444856254285, 142.94169401399776, 137.63114272951182, 136.75489106159915, 136.3414144009686, 135.86089312812626, 137.64833335128986, 135.61295269921564, 134.68019156007986, 134.54911196760906, 134.1763434268745, 134.10089918860757, 133.76215740376992, 134.54399634805122, 132.84971591053127, 132.43068460091698, 132.87240637768215, 132.3326252924699, 133.6696896978687, 131.66291359828116, 131.25627711086372, 130.41580205817374, 133.6960492380858, 130.7420751175236], "Train_RegLoss": [8766.705565016067, 6801.192560183465, 5336.1411775567585, 4170.1061931169925, 3298.2772163029513, 2619.613739560545, 2068.734123499584, 1685.856773988503, 1359.8552798691396, 1147.7875878125294, 961.3677182227118, 817.6169965543094, 729.0161429452968, 664.356268728624, 603.5687332063878, 567.2466764767911, 548.984653884972, 519.0528648170748, 515.6783176691084, 493.8130110863804, 489.95271160973516, 479.4721447547423, 476.7829153469471, 485.1015562543995, 478.39837223807484, 480.9277025541255, 481.6446701865004, 461.1008639944955, 459.30239291135996, 467.9692493516024], "Train_TripletLoss": [47.56930281588468, 45.764948978912805, 43.89386031624061, 39.19265291427691, 36.857559971385335, 35.3183956063187, 34.037856811615434, 33.39739015924533, 32.77332381869935, 31.94997514422226, 31.563419476842743, 30.957948530405098, 30.430226810731952, 30.057339808346338, 30.43714201484288, 30.747914456897917, 30.093151897506445, 29.995959819690842, 29.974430788583522, 29.797534288423304, 30.427848068758625, 30.102099116294553, 29.9247816367238, 29.929474519976537, 29.79835837259901, 30.175512418617576, 30.26101306678262, 30.13848036742254, 30.399342333286217, 29.58139761702896], "Train_KLLoss": [28.488203369276924, 43.62104289844355, 35.89055053833601, 31.130455128253356, 26.8615695242306, 23.710928720318677, 21.637133859146623, 19.63442389495088, 18.385377547226245, 17.1179168418791, 15.98173057547847, 14.943848216539651, 14.34231233508957, 13.601367930315025, 12.943790409277879, 12.547940607506952, 12.14658464081342, 11.62828916090654, 11.245960379820776, 11.122204483503713, 10.898418150521506, 10.497709951015837, 10.512906955366976, 10.291312043939557, 10.080887522655123, 10.022325974775706, 9.774040540485322, 9.97789789543861, 9.839941885498895, 9.8702490946652], "Val_TotalLoss": [7392.614567762702, 5790.302343904846, 4547.046139094088, 3592.8340186992104, 2886.075946832056, 2338.6283666114728, 1899.1712421957584, 1602.9444431683983, 1354.3979471541359, 1184.5096301024357, 1026.8663584283745, 1001.9509141208254, 902.5540500503765, 827.6891162380356, 832.4722575859086, 797.9993356458732, 810.4605906770798, 773.966872394715, 732.2122570142685, 774.1316491544372, 730.1073068695391, 718.4152138449929, 765.3025181066662, 753.680936656089, 732.9505390384988, 711.4266008373042, 717.2023712545318, 708.8826694286903, 692.6913899589039, 703.6898942749798], "Val_ReconLoss": [244.5053947561639, 225.54954232826796, 196.56711779185127, 183.6891966047549, 178.28883227132593, 172.70116427786508, 166.53705896938075, 164.5177951030449, 161.4643397099372, 157.84735564701654, 164.46854144977465, 160.57716558347545, 158.06970895924476, 157.1199783825219, 157.14838165057387, 156.88642687323733, 157.45700121228336, 155.0151183872344, 155.79858683128438, 154.9647172762526, 156.07850032427345, 153.34993669699412, 156.99293516050182, 159.99550523818422, 156.46054390066521, 153.66979614725577, 153.30954203696382, 152.4437931697918, 153.77492506660317, 152.10344551279982], "Val_RegLoss": [7049.236510585277, 5476.680004160197, 4272.2745375522345, 3339.3896137261745, 2643.0899534326277, 2104.0021686191035, 1675.6623815814737, 1384.0988510164095, 1140.414626139667, 976.3767890526931, 814.9802392874914, 792.3090071244674, 699.6010307650738, 626.9295875597705, 630.8124766117927, 598.7588868735961, 607.876573768277, 574.694806879217, 534.6589548542433, 578.2374536300563, 532.8798724894292, 523.0985430017838, 565.5102581645167, 552.6302681533781, 533.5416056207572, 515.1656752378693, 521.3949757065884, 514.1020880572136, 496.59213984289835, 510.1366596826791], "Val_TripletLoss": [49.64299165874909, 46.48729658429265, 42.57053030469705, 38.22686072383824, 37.15945700913605, 36.57442316192401, 35.668039622316904, 33.785298500706226, 33.108175740433545, 32.40430522418677, 30.788159577085402, 33.110719808816405, 30.725717303616804, 29.59225476367781, 31.18246972485274, 29.081522506084806, 33.22733527762189, 32.56246787952318, 30.13899410098602, 29.181920908470236, 29.548855228101477, 30.61371695415666, 32.194641039689046, 30.532824659448345, 32.295700035942026, 32.19092146488375, 32.126992198427935, 31.821846987177906, 32.21223955678637, 30.90310483654256], "Val_KLLoss": [49.22969572337435, 41.58550431209185, 35.6339096186277, 31.52832762030668, 27.5377145579703, 25.35062875304111, 21.30374507117725, 20.54250137397653, 19.410817587854496, 17.88116745414492, 16.62943372766765, 15.954021117147885, 14.157587859393677, 14.047299551913401, 13.328920322039163, 13.272498921662507, 11.899686732201445, 11.69447133405012, 11.615716160981902, 11.747563302138895, 11.600073126859444, 11.35301383101159, 10.604670644058485, 10.522337528414253, 10.652696765250434, 10.40021758906181, 10.370867235715998, 10.514938802598143, 10.1120902892147, 10.546671574513958], "Test_score": [139359.484375, 55525.06640625, 24685.6875, 11736.140625, 6031.8681640625, 3255.12939453125, 1897.7484130859375, 1187.0401611328125, 820.2593383789062, 663.5421752929688, 475.2873840332031, 573.448974609375, 317.28253173828125, 340.6703186035156, 316.4154968261719, 384.8394470214844, 356.73004150390625, 197.53695678710938, 452.85443115234375, 545.4100952148438, 515.7098388671875, 563.9727783203125, 290.5554504394531, 595.9381713867188, 432.49017333984375, 221.98977661132812, 249.2533416748047, 251.60763549804688, 189.6327667236328, 208.43836975097656], "Test_RMSE": [72.65281577905291, 62.7806336300007, 54.51070305955405, 47.188609775857195, 41.13607759476847, 35.491856460320584, 30.918867692632784, 27.10892245659743, 24.091709391941894, 21.80180555793344, 19.374080119292117, 17.97493864216101, 15.514918377508216, 14.849710460370463, 13.680114704565826, 13.560091006893515, 13.686450378026997, 12.160274202367223, 13.027872576410452, 13.400471898210396, 11.852929093712909, 12.043494555501672, 13.209993821632851, 12.417207505567752, 13.159513888671299, 11.66612860029216, 11.643089740111474, 11.71653559807243, 10.989493120495146, 11.166493732384872]}