{"Train_TotalLoss": [9169.386854006605, 7067.637918804822, 5495.507235983033, 4309.383835429184, 3425.5735318770544, 2714.724393365132, 2204.7713114199096, 1832.4131034987793, 1535.6334216453745, 1293.4357760302726, 1121.972787274725, 986.238669938966, 896.7310807677375, 844.782785242196, 790.308052682693, 768.7621409362374, 720.5826794022672, 712.0853238058658, 689.8818602656983, 687.6230997223887, 677.7918458707646, 670.9906948219291, 659.3208056877774, 660.6033542820246, 683.1761134014599, 663.7819922962614, 658.2862614861806, 665.8658556946956, 640.8908374730795, 642.0724509792938, 654.099841627518, 649.7715686241639, 632.8654838719174, 635.0663243825462, 653.7044235738033], "Train_ReconLoss": [322.76904761972906, 265.65204439816455, 184.10942827670982, 154.4254012113439, 145.84032984375654, 141.14459302113536, 139.72958636215995, 140.4889587059909, 139.3327310434679, 145.88108401728962, 148.49525979622948, 139.36868557780656, 138.67052164430734, 136.69348395990778, 140.35879297596668, 138.26845540954048, 135.0859120908324, 134.3305918895266, 134.1938222675263, 139.32188632232302, 134.41470856954857, 133.8618586675503, 133.27831696226178, 132.17963731925784, 146.6894720943504, 139.9814566077349, 137.4285406580005, 134.98764087151213, 134.90417910556542, 133.73730140114884, 137.23905937668866, 137.11308801970756, 133.54216624911436, 131.85620482749346, 131.97131775060782], "Train_RegLoss": [8761.050204569481, 6702.40053479513, 5225.543020432088, 4080.23026627397, 3213.4511450117625, 2512.2421435048045, 2008.0771682476043, 1637.499432723659, 1344.898169889819, 1097.8542328161961, 924.4486651710481, 800.0820713608614, 711.8020444456965, 662.6760916134118, 605.2606477879575, 586.1735506404326, 542.4657014007645, 535.1280185263114, 513.4087585336778, 506.25646750840326, 501.15639535076275, 495.6369539055467, 485.58566845874856, 487.87648314100835, 494.5042234365514, 482.1630037276115, 479.8020377758859, 489.04840582632136, 464.85444890272873, 467.06270924805995, 475.7206836726633, 471.5842483870609, 459.27497924845574, 463.2333365385905, 480.5679491893108], "Train_TripletLoss": [57.8198433145968, 55.60008997638468, 47.931853562538556, 42.11282447593892, 38.22902296376456, 36.13519618619409, 34.27286270223377, 33.67729069331726, 32.305328744157755, 32.07682972979733, 32.27079218026083, 31.436940981702495, 31.299991746620403, 31.25944911852651, 31.24404419544573, 31.486379770033924, 30.719448017407213, 30.633365644519802, 30.68177506576689, 30.47904223466195, 30.9786356528427, 30.646498645456006, 29.95492338539268, 30.081837011250073, 31.473824997919326, 31.342700925030673, 30.925686398775927, 31.88213099037417, 31.033365115790367, 31.344316343908993, 31.216497924375368, 31.315484503888342, 30.354777036969374, 30.279810042182437, 31.281638688646634], "Train_KLLoss": [27.747741014577493, 43.985265548136184, 37.922927000997376, 32.61533384302357, 28.053039310565847, 25.20246202018149, 22.691686764731315, 20.7474148641218, 19.09719449466366, 17.623631053944365, 16.75806920162259, 15.350972604120702, 14.95852340595384, 14.153757377877504, 13.444565109063824, 12.83375402727512, 12.311616795683122, 11.993347515354722, 11.597500265233581, 11.56570028232542, 11.242107641794757, 10.845383676526694, 10.501896294411893, 10.46539202185257, 10.50859203635698, 10.294834666427027, 10.129995835124896, 9.947679742459496, 10.098843201423406, 9.92812148116378, 9.92359995358834, 9.758744711134026, 9.693560647237762, 9.696976532949671, 9.883520079226056], "Val_TotalLoss": [7449.895127923493, 5725.638780009167, 4414.753320931884, 3477.255104887561, 2808.329559390691, 2297.4249210801236, 1847.3416757079563, 1575.5273242006847, 1332.6591543314573, 1154.242793496517, 1042.6252630447484, 917.5857475232373, 885.2649980347454, 831.4778010426818, 782.4893502039839, 798.2048413718226, 782.8535318193174, 757.1972645281737, 754.1535948416647, 721.2882188147772, 741.1689669586891, 724.1905164980737, 685.2880200956639, 708.489005848923, 711.7136616293523, 714.1517501089083, 735.4526105239578, 723.8843050870029, 713.4087952660203, 710.8567959097928, 757.9031007214278, 688.260786383147, 707.0181612172036, 707.585863496486, 670.3168616425916], "Val_ReconLoss": [345.51319470718096, 251.44133995652956, 198.17720900327913, 184.26866826547376, 178.00514052635015, 166.9731630079338, 171.91152122610467, 164.55323101955034, 164.1979189221501, 183.67192262322908, 163.65302224995975, 163.25919242842758, 163.96019058550135, 161.27275584666472, 168.03507063303135, 159.83684973686493, 157.13853519109037, 160.46421811545375, 160.30357290271976, 158.66671024669301, 156.41812416060532, 156.72963444828736, 155.94014943628937, 155.92037467875895, 167.88606154943872, 161.46200163117422, 159.6294332830901, 157.72429615851436, 157.46220593119776, 157.27453822968627, 167.90348104997113, 157.29465468892587, 154.35503224943454, 154.90292927377067, 153.747773805582], "Val_RegLoss": [7000.454988314284, 5380.629976494368, 4135.030610614801, 3220.8332537596625, 2566.5497970742354, 2068.4832404299973, 1617.8223164661238, 1357.0709705957652, 1116.3898115742786, 920.1686561374785, 831.6248135717929, 708.4467759565873, 673.7063139578756, 624.8883596021076, 566.956219872763, 593.6661172588582, 581.5213607723567, 554.8976508658734, 552.4883208163949, 520.7527151611845, 542.3290433661882, 524.931933671173, 488.997952176955, 510.50567084991906, 500.30788192587727, 509.952682188651, 531.3687566390249, 521.394073099213, 513.2146597412626, 509.68990611425164, 548.253481745972, 489.96177929803633, 511.44736798469916, 510.64069119669165, 475.40143541654624], "Val_TripletLoss": [59.43896951735902, 54.414990104530126, 45.6313257116596, 41.54252952954734, 36.08867190000119, 36.68610140233917, 34.10218514347681, 33.640994865344894, 32.51262237657704, 31.892846084296327, 31.05599565889064, 30.645986957227453, 31.964800675374004, 31.00553505617267, 34.2089112727385, 31.934034553189107, 31.601107991523016, 29.29033884185565, 29.486717123309855, 29.829419652200905, 31.15914046890388, 31.389917317202933, 29.29248037499555, 30.745103127356565, 32.61794204086885, 31.867234236090177, 33.84880855471589, 34.70547179389454, 32.23582513942275, 33.5769674682214, 31.11394182168908, 31.06702496587096, 30.761241439028975, 31.68756966560638, 30.893379533013633], "Val_KLLoss": [44.48793406012698, 39.15249114611184, 35.9141759912761, 30.610624963586982, 27.68592904133222, 25.282381538608867, 23.505654607212318, 20.262133098303895, 19.55879946440521, 18.509353299977665, 16.291437071423196, 15.233801546358912, 15.633692673346458, 14.311150156166287, 13.289154348111303, 12.767839128320867, 12.59253069361471, 12.545064858603931, 11.874969816107075, 12.039370018634433, 11.262651598730752, 11.139023836268935, 11.057434094128599, 11.317856200905734, 10.901769034202205, 10.869834641825573, 10.605610618631633, 10.060466108564091, 10.49609640839236, 10.315367597858195, 10.632200065677312, 9.937322301542029, 10.454521199361466, 10.354688068777008, 10.2742665761621], "Test_score": [134665.328125, 52107.11328125, 22741.322265625, 10769.7734375, 5516.12841796875, 2998.99853515625, 1752.803955078125, 1120.1634521484375, 833.8309936523438, 571.2664184570312, 434.2327575683594, 370.1279296875, 497.0712585449219, 438.9532470703125, 411.991455078125, 264.6155090332031, 381.5943603515625, 452.51727294921875, 463.5884094238281, 523.3243408203125, 489.95977783203125, 237.1826171875, 618.3366088867188, 653.4924926757812, 265.11822509765625, 231.5882110595703, 250.9371795654297, 187.95912170410156, 244.6885528564453, 262.5745849609375, 241.14585876464844, 242.43099975585938, 246.7023468017578, 411.3976135253906, 308.7926025390625],