{"Train_TotalLoss": [5749.364989723278, 1633.1276359909484, 662.1997936314583, 414.9164550607477, 359.7571205825307, 332.55078101489556, 325.93318904837736, 313.0183626633955, 308.11808465853187, 305.6380936100822, 302.9256812002846, 298.93136109604626, 298.3389266995884, 292.90822422306775, 289.7610770682158, 292.4367562522243, 291.85131257376145, 287.2408543837328, 284.9935798242531, 283.8087614944604], "Train_ReconLoss": [73.1743830193868, 55.5218164395735, 53.33491689662521, 31.723095947045852, 29.847442555719034, 28.65754606192325, 27.759963260306282, 27.058428490746863, 26.850423710327455, 26.34311108021376, 26.242207100554698, 26.05730433936016, 25.889256916739317, 25.864559320204823, 25.65288881823518, 25.77137780049761, 25.528465903158704, 25.52033409204261, 25.132834501750423, 25.28694511142693], "Train_RegLoss": [5559.872066104897, 1478.8530059185805, 522.0983234661704, 301.10198466068255, 249.65822930081248, 224.6118351174966, 219.89294501825145, 207.82092018555485, 204.0040229640201, 201.86567922581622, 199.65629636923924, 196.7268700907127, 195.5466169319926, 191.49463700457565, 188.97482576307948, 191.61947977720564, 191.56072326593713, 187.30652354682357, 185.98414906830948, 184.54468170495673], "Train_TripletLoss": [74.58399175267945, 59.557854115913074, 62.30885174709276, 64.57065733687759, 66.29178528473457, 66.92214862834346, 66.4104929847187, 66.536028153971, 65.96867042609225, 66.14602222739701, 65.77458410050637, 64.84283256882141, 65.80785938595791, 64.33587619651803, 64.005275723124, 63.874060504781085, 63.653742303242936, 63.22705790976986, 62.62898228711927, 62.922030227704575], "Train_KLLoss": [41.7345719407577, 39.19495498153796, 24.457701651899484, 17.520718332551628, 13.959663417945853, 12.359250597809252, 11.86978719015254, 11.602985533811882, 11.294967475358295, 11.283279506949759, 11.252593858700026, 11.304354252237868, 11.09519340133092, 11.213150429298402, 11.128086487465499, 11.171837531188649, 11.108380440990043, 11.186937179143776, 11.247613539669386, 11.055103289224538], "Val_TotalLoss": [2500.2405496157753, 926.4932358078422, 541.5069091506539, 488.4538362918394, 423.9683327382513, 433.0569665598315, 383.2302614659638, 392.31358875331114, 364.7982639530496, 372.33034871042906, 371.81562529356233, 370.6763998519543, 398.1345993913001, 390.7932711191964, 372.2035308337867, 411.74783248578774, 388.850390387892, 359.12527258552404, 363.2431181328997, 326.47782240659944], "Val_ReconLoss": [53.0982345879456, 53.21688892775812, 33.63553806792858, 27.400693276971893, 27.81806628346191, 28.36330776083545, 26.957314973149693, 26.773050922672038, 26.24254162921462, 26.254253437352734, 26.395464112844326, 26.61514011548387, 25.393228533908125, 24.857081861374997, 25.09500437206244, 25.91023419019284, 25.654362842346096, 24.47919158955709, 24.099313956738527, 24.836286460118366], "Val_RegLoss": [2339.2707078542567, 777.8591412953544, 422.56353600887115, 378.6862230442039, 315.5083427590497, 323.74134029848125, 277.9895027434851, 286.41640602256984, 258.06021975462835, 266.1277298836577, 265.39340263592516, 262.7796046194516, 293.44764944564463, 285.19288482020823, 267.84226997004504, 307.2261588638983, 282.5594446654048, 256.8836440636794, 260.8319963894737, 223.6642741874711], "Val_TripletLoss": [61.38033342663884, 62.901980934385016, 64.28458015409635, 66.48888328463532, 67.40197119601937, 68.98344054837055, 67.38295112755031, 67.94124121998631, 69.24268093068807, 69.05078493364266, 69.43627746614291, 70.71700082621665, 68.7330076931395, 70.46015660001662, 68.51961824808262, 67.83807853109992, 69.84974948447552, 66.72403087777265, 67.64354722141968, 67.54474877202233], "Val_KLLoss": [46.49126231897205, 32.51522891466008, 21.02325396557943, 15.878038198196863, 13.239951331318055, 11.968879245048345, 10.900491817809058, 11.182890825997447, 11.25282013189465, 10.897581351987908, 10.59048207264874, 10.564656873586062, 10.56071067814091, 10.283144256277266, 10.746636971358768, 10.773361170266698, 10.786834011118206, 11.038405222318136, 10.668261940333103, 10.43251497145687]}