{"test_score": 183.47654724121094, "test_rmse": 10.822399392615358, "val_metric": 0.039508809396689805}