{"test_score": 187.24803161621094, "test_rmse": 10.90334161055074, "val_metric": 0.039508809396689805}