{"test_score": 170.6525421142578, "test_rmse": 10.641152345022624, "val_metric": 0.0400427122263748}