{"Train_TotalLoss": [600.3872108133648, 604.0421385042354, 606.6971683735385, 595.2478393288917, 604.9212116477198, 595.3010947259901, 590.406875183586, 593.4528211019602, 592.8261640654439, 588.5220678224374, 597.8679678218485, 587.0245579361936, 579.7553053258392, 587.9253461636844, 575.9186417926718, 586.1035417624803, 566.8271518618473, 577.785687698469, 567.972390300883, 564.9978053000799], "Train_ReconLoss": [131.72882906265784, 131.561903639707, 130.34569332216716, 129.27362176565805, 129.77584797212813, 128.73207611048207, 128.5225805788259, 128.21046530551556, 128.71267932999814, 128.01315821269273, 131.48045581286726, 128.30624445357967, 127.90283873172646, 127.29752474433313, 128.47491296893728, 127.90596651899178, 127.26390214318548, 127.22138806983386, 130.79275779871062, 127.84583439760682], "Train_RegLoss": [455.4017795606826, 459.3595478630928, 463.02469525762865, 452.72263372597274, 461.8379534694382, 453.0400812688574, 448.7522413937056, 452.2264043053797, 450.7712362784873, 447.07581552822694, 453.0299108604593, 445.4395186935831, 438.59478219536516, 447.3633792272187, 434.0480165087065, 444.8071140640047, 426.36731043406576, 437.43341599571266, 423.90873261085807, 424.0748576565297], "Train_TripletLoss": [3.331169967414985, 3.328848803308896, 3.3448474358082856, 3.2447460786998024, 3.3917967288902586, 3.4542481466027244, 3.3867862023733863, 3.2964395550383014, 3.4052647966133494, 3.5026781254328987, 3.5451457585507433, 3.4901553257249183, 3.460821796433847, 3.4044913976481164, 3.5254171573822273, 3.494575941029595, 3.4094499746292923, 3.4482551734265003, 3.4337503568668137, 3.523034840966964], "Train_KLLoss": [9.925430585023966, 9.791839982452673, 9.981936452536901, 10.006839626339728, 9.915612704549037, 10.074691492635548, 9.745268033509516, 9.719514063226779, 9.93697907149622, 9.930413810756813, 9.812453487493988, 9.78863503014177, 9.796862183613825, 9.859944233681125, 9.870291134756506, 9.895880684144252, 9.78648556562509, 9.682632745759728, 9.837153965495295, 9.554079107694381], "Val_TotalLoss": [652.9270928284078, 659.8500593641091, 682.3338775796063, 658.6534368341619, 663.1601702022754, 666.0607820797168, 664.5120146027579, 650.2528553291305, 649.5426040552635, 652.3274044496565, 641.4563433141084, 686.781865190502, 649.7073524749304, 670.7770302189833, 651.7309679672532, 655.1699131326494, 650.988017366502, 640.6008875808554, 660.7309377400114, 662.124687210954], "Val_ReconLoss": [152.05534409569384, 155.0368072235559, 154.5203884277989, 152.33449103615501, 153.39391379729386, 153.2752623205205, 152.97937685944314, 152.8819323009467, 153.39971910924285, 150.45478904675733, 151.71173412653658, 152.75940986617172, 152.86681757114403, 151.8940324117971, 154.84566123591418, 151.86991716590543, 152.03547912823473, 151.92688749607723, 151.8527523145615, 151.93819929126957], "Val_RegLoss": [487.2249561979201, 491.1553236173021, 513.8259865436191, 492.40799216336984, 495.87814261696553, 498.97625295304346, 497.82416753789084, 483.55465559525925, 481.7069205511952, 488.1892071778376, 475.8797132399319, 519.9627678611062, 483.0558995414234, 505.2047084461559, 483.02341406340327, 489.44073949253334, 485.04068710940084, 475.0369138657165, 495.40394942301776, 496.42896961107317], "Val_TripletLoss": [3.1678624654673118, 3.5115264390790184, 3.530329078876947, 3.243755853327334, 3.4192764139074603, 3.3660580678419634, 3.523299400700575, 3.7989047591832423, 3.807521473151685, 3.6681126998796523, 3.427438864118201, 3.4550291953832857, 3.5110605616146113, 3.308943429028509, 3.306182552971749, 3.6264328065684683, 3.565460508519953, 3.405108757049286, 3.516010021684538, 3.7153945432908944], "Val_KLLoss": [10.478935550685664, 10.146412686112063, 10.457168378991254, 10.667192784726746, 10.468835275218552, 10.44321045512629, 10.185168958365539, 10.01735766342276, 10.628445163589703, 10.015297878620236, 10.437460708819787, 10.604666090414842, 10.273564261563484, 10.369338825943606, 10.555704366329104, 10.232824284228915, 10.346392978321422, 10.231976204140242, 9.958209712207948, 10.04212586421039], "Train_score": [29438.226570129395, 27112.604499816895, 26609.18392944336, 25953.398460388184, 25188.22525024414, 25656.550720214844, 25038.717819213867, 24843.223030090332, 25297.012161254883, 26514.059936523438, 25739.333366394043, 24382.539108276367, 23162.524570465088, 22866.097457885742, 23513.918060302734, 23202.248741149902, 22451.57243347168, 20781.570404052734, 20594.49195098877, 20670.640380859375], "Train_rmse": [10.523575895702345, 10.491912105449753, 10.219693094388193, 9.893696887829849, 9.80095389794643, 9.908959574966575, 10.264024660269229, 10.041398412766487, 10.257257457646919, 9.915139018368336, 9.643487049072792, 9.356493583170149, 9.513663294130113, 9.399077869464149, 9.755791731843358, 9.645271533702633, 9.346613625454111, 8.91653316951165, 8.972991301392568, 8.958039446048755], "Train_metric": [0.06715792999497572, 0.06464578797521353, 0.06174286830793278, 0.06179869368614972, 0.06397588343661029, 0.06157539217328197, 0.06040305923072629, 0.0619103444425836, 0.060235583096075476, 0.06079383687824485, 0.06112878914754648, 0.06079383687824485, 0.060068106961424665, 0.06129626528219729, 0.05895159939708591, 0.06129626528219729, 0.06135209066041422, 0.05856082174956735, 0.059677329313906104, 0.060291408474292416], "Val_score": [9923.377334594727, 9618.11503982544, 11284.167488098145, 9893.542366027832, 12433.506217956543, 9712.472030639648, 10576.449432373047, 10569.184524536133, 10874.839614868164, 10662.525489807129, 9417.0592918396, 11162.52513885498, 9796.247695922852, 9329.04838180542, 8941.3998336792, 8710.98917388916, 9559.575820922852, 9819.419883728027, 10779.84262084961, 9141.762023925781], "Val_rmse": [12.692532618618651, 12.232636636996505, 13.182163561296564, 12.296167114885915, 13.287625026584871, 12.356406634904426, 12.806631073833747, 12.128804524603906, 13.21879099738379, 12.960271496414562, 12.35628329405162, 13.141765573723127, 12.577523780405633, 12.4814168006482, 12.076557331611708, 12.235369766075353, 12.511782687611248, 12.243019459360282, 13.04225383611074, 12.450635820965017], "Val_metric": [0.05232558139534884, 0.05179704016913319, 0.04994714587737843, 0.05470401691331924, 0.04466173361522199, 0.04281183932346723, 0.05153276955602537, 0.0531183932346723, 0.04915433403805497, 0.04492600422832981, 0.0436046511627907, 0.04730443974630021, 0.04809725158562368, 0.04677589852008457, 0.046247357293868925, 0.04677589852008457, 0.05258985200845666, 0.04994714587737843, 0.05496828752642706, 0.04783298097251586], "Test_score": [224.41282653808594, 213.05714416503906, 225.90505981445312, 318.2318115234375, 210.3668212890625, 177.6104278564453, 185.13543701171875, 210.10858154296875, 170.9608154296875, 207.24591064453125, 197.36477661132812, 213.63360595703125, 201.50296020507812, 215.6709747314453, 298.93084716796875, 190.43402099609375, 221.19677734375, 272.18133544921875, 196.3038787841797, 201.33120727539062], "Test_rmse": [11.604799501066829, 11.965213581861809, 12.212642460346483, 11.642862358392989, 11.629093884949116, 10.63904173242943, 11.437109101499791, 11.607517016741578, 10.766905156221373, 11.385520010872089, 10.88416544219385, 11.59638062936759, 11.417264453988297, 11.817126785882971, 12.661010148424793, 11.142203070758473, 12.127363780744265, 12.613007240946, 11.543417530404502, 11.609481461910912], "test_metric": [0.11, 0.11, 0.14, 0.09, 0.12, 0.12, 0.14, 0.11, 0.11, 0.15, 0.1, 0.11, 0.1, 0.12, 0.15, 0.15, 0.1, 0.1, 0.14, 0.09]}